{
  "intents": [
    {
      "tag": "ml_intro",
      "patterns": [
        "What is machine learning?",
        "Explain machine learning",
        "What are the basics of ML?",
        "Define machine learning"
      ],
      "responses": [
        "Machine learning is a subset of artificial intelligence (AI) that enables computers to learn from data without being explicitly programmed. It involves developing algorithms and models that can improve their performance over time as they are exposed to more data.",
        "In machine learning, computers learn patterns and insights from data to make predictions, decisions, and recommendations. It encompasses various techniques like supervised learning, unsupervised learning, and reinforcement learning.",
        "The basics of machine learning include understanding key concepts like algorithms, models, features, labels, training data, testing data, evaluation metrics, and optimization techniques.",
        "Machine learning refers to the process of teaching computers to learn from data and improve their performance on a task without being explicitly programmed. It involves training algorithms to recognize patterns, make predictions, or take actions based on data."
      ]
    },
    {
      "tag": "ml_types",
      "patterns": [
        "What are the types of machine learning?",
        "Explain supervised learning",
        "What is unsupervised learning?",
        "Tell me about reinforcement learning"
      ],
      "responses": [
        "Machine learning can be categorized into three main types: supervised learning, unsupervised learning, and reinforcement learning.",
        "Supervised learning is a type of ML where the model learns from labeled data, making predictions based on input-output pairs. It includes tasks like classification and regression.",
        "Unsupervised learning is a type of ML where the model learns patterns and structures from unlabeled data. It includes tasks like clustering, dimensionality reduction, and association rule learning.",
        "Reinforcement learning is a type of ML where the model learns to make decisions by interacting with an environment and receiving feedback in the form of rewards or penalties. It is commonly used in areas like game playing, robotics, and autonomous systems."
      ]
    },
    {
      "tag": "ml_algorithms",
      "patterns": [
        "What are some common ML algorithms?",
        "Explain linear regression",
        "Tell me about decision trees",
        "What is a neural network?"
      ],
      "responses": [
        "Common machine learning algorithms include linear regression, logistic regression, decision trees, random forests, support vector machines, k-nearest neighbors, naive Bayes, and neural networks.",
        "Linear regression is a supervised learning algorithm used for predicting continuous target variables based on one or more input features. It models the relationship between the independent variables and the dependent variable using a linear equation.",
        "Decision trees are versatile supervised learning algorithms that can perform both classification and regression tasks. They partition the feature space into regions and make predictions based on the majority class or average target value within each region.",
        "A neural network is a type of machine learning algorithm inspired by the structure and function of the human brain. It consists of interconnected nodes (neurons) organized into layers, including input, hidden, and output layers. Neural networks are capable of learning complex patterns and relationships from data."
      ]
    },
    {
      "tag": "ml_preprocessing",
      "patterns": [
        "What is data preprocessing in ML?",
        "Explain feature scaling",
        "Tell me about data cleaning techniques",
        "Why is feature selection important?"
      ],
      "responses": [
        "Data preprocessing in machine learning refers to the process of preparing raw data for model training by cleaning, transforming, and organizing it into a format suitable for analysis. It involves tasks like data cleaning, feature scaling, feature engineering, and dimensionality reduction.",
        "Feature scaling is a preprocessing technique used to standardize or normalize the range of independent variables (features) in the dataset. It ensures that all features have a similar scale, preventing some features from dominating others during model training.",
        "Data cleaning techniques in ML involve identifying and handling missing values, removing outliers, correcting errors, and handling inconsistencies in the dataset. Common techniques include imputation, outlier detection, and data normalization.",
        "Feature selection is important in machine learning to improve model performance, reduce overfitting, and enhance model interpretability by selecting the most relevant features for model training. It involves identifying and selecting the subset of features that contribute most to the target variable."
      ]
    },
    {
      "tag": "ml_evaluation",
      "patterns": [
        "How do you evaluate machine learning models?",
        "Explain evaluation metrics",
        "Tell me about model validation techniques",
        "What is cross-validation?"
      ],
      "responses": [
        "Machine learning models are evaluated using various evaluation metrics and validation techniques to assess their performance, generalization ability, and predictive accuracy on unseen data.",
        "Evaluation metrics in machine learning measure the performance of ML models and include metrics like accuracy, precision, recall, F1-score, ROC AUC, mean squared error, and R-squared.",
        "Model validation techniques in ML involve splitting the dataset into training and testing sets, performing cross-validation, and using techniques like holdout validation, k-fold cross-validation, and stratified sampling to ensure unbiased model evaluation.",
        "Cross-validation is a model validation technique in machine learning where the dataset is divided into multiple subsets (folds), and the model is trained and evaluated multiple times, with each fold used as both training and testing data. It helps in assessing the model's performance and generalization ability."
      ]
    },
    {
      "tag": "ml_applications",
      "patterns": [
        "What are some applications of machine learning?",
        "Explain ML in healthcare",
        "Tell me about ML in finance",
        "What is ML used for in cybersecurity?"
      ],
      "responses": [
        "Machine learning has numerous applications across various domains, including healthcare, finance, cybersecurity, marketing, e-commerce, transportation, entertainment, and more.",
        "In healthcare, machine learning is used for medical diagnosis, disease prediction, personalized treatment planning, drug discovery, electronic health records analysis, and healthcare resource allocation.",
        "In finance, machine learning is used for fraud detection, credit scoring, algorithmic trading, portfolio management, risk assessment, customer segmentation, and sentiment analysis.",
        "In cybersecurity, machine learning is used for threat detection, anomaly detection, malware classification, network security, user behavior analysis, and intrusion detection."
      ]
    },
    {
      "tag": "ml_workflow",
      "patterns": [
        "What is the typical workflow of a machine learning project?",
        "Explain the steps involved in an ML project",
        "Tell me about the ML project lifecycle"
      ],
      "responses": [
        "The typical workflow of a machine learning project involves several steps, including data collection, data preprocessing, feature engineering, model selection, model training, model evaluation, and model deployment.",
        "In an ML project, the lifecycle includes defining the problem, collecting and preprocessing data, exploring and visualizing data, selecting and training models, evaluating model performance, tuning hyperparameters, and deploying the model into production.",
        "The ML project lifecycle consists of stages like problem formulation, data collection and preprocessing, model selection and training, evaluation and validation, model deployment, and monitoring and maintenance."
      ]
    },
    {
      "tag": "ml_tools",
      "patterns": [
        "What are some commonly used tools in machine learning?",
        "Tell me about ML libraries and frameworks",
        "Explain the role of tools in ML projects"
      ],
      "responses": [
        "Commonly used tools in machine learning include libraries like TensorFlow, PyTorch, scikit-learn, Keras, and XGBoost, as well as frameworks like Apache Spark and Hadoop for big data processing.",
        "ML libraries and frameworks provide pre-built algorithms, data structures, and utilities for developing and deploying machine learning models efficiently. They simplify tasks like data preprocessing, model training, and evaluation, enabling faster development and experimentation.",
        "Tools play a crucial role in ML projects by providing developers and data scientists with the necessary resources, algorithms, and infrastructure to build, train, and deploy machine learning models effectively. They help streamline the development process and improve productivity."
      ]
    },
    {
      "tag": "ml_performance",
      "patterns": [
        "How do you measure the performance of machine learning models?",
        "Explain performance evaluation in ML",
        "Tell me about metrics for evaluating ML models"
      ],
      "responses": [
        "The performance of machine learning models is measured using various evaluation metrics, including accuracy, precision, recall, F1-score, ROC AUC, mean squared error, and R-squared.",
        "Performance evaluation in ML involves assessing the predictive accuracy, generalization ability, and robustness of models on unseen data. It helps in identifying the strengths and weaknesses of models and selecting the best-performing model for deployment.",
        "Metrics for evaluating ML models provide insights into different aspects of model performance, such as classification accuracy, prediction error, bias-variance tradeoff, and model interpretability. They help in quantifying the effectiveness and reliability of models in solving specific tasks."
      ]
    },
    {
      "tag": "ml_hyperparameters",
      "patterns": [
        "What are hyperparameters in machine learning?",
        "Explain the role of hyperparameters in model training",
        "Tell me about hyperparameter tuning techniques"
      ],
      "responses": [
        "Hyperparameters in machine learning are parameters that are set before the training process begins and control the behavior and performance of the learning algorithm. Examples include learning rate, regularization strength, and the number of hidden layers in a neural network.",
        "Hyperparameters play a crucial role in model training by influencing the learning process, model complexity, and generalization ability. They need to be tuned carefully to optimize model performance and prevent overfitting or underfitting.",
        "Hyperparameter tuning techniques involve methods like grid search, random search, Bayesian optimization, and genetic algorithms to systematically search for the best combination of hyperparameters that maximize model performance on validation data."
      ]
    },
    {
      "tag": "ml_bias_variance",
      "patterns": [
        "What is the bias-variance tradeoff in machine learning?",
        "Explain bias and variance in ML models",
        "Tell me about minimizing bias and variance"
      ],
      "responses": [
        "The bias-variance tradeoff is a fundamental concept in machine learning that describes the balance between bias and variance in model predictions. Bias measures the error due to overly simplistic assumptions, while variance measures the error due to sensitivity to small fluctuations in the training data.",
        "Bias in ML models refers to the error introduced by approximating a real-world problem with a simplified model. Variance refers to the amount by which the model's predictions would change if trained on a different dataset.",
        "Minimizing bias involves increasing model complexity and flexibility to capture more intricate patterns in the data, while minimizing variance involves reducing model complexity and regularization to prevent overfitting and improve generalization."
      ]
    },
    {
      "tag": "ml_interpretability",
      "patterns": [
        "Why is model interpretability important in machine learning?",
        "Explain the concept of model interpretability",
        "Tell me about techniques for improving model interpretability"
      ],
      "responses": [
        "Model interpretability is important in machine learning for understanding how models make predictions and ensuring they are trustworthy, fair, and accountable. It enables users to understand the reasoning behind model decisions and identify potential biases or errors.",
        "Model interpretability refers to the ability to explain and understand how a model makes predictions or decisions, including the contribution of each feature to the output. It helps in building trust, transparency, and user confidence in ML systems.",
        "Techniques for improving model interpretability include using simpler models, feature importance analysis, partial dependence plots, LIME (Local Interpretable Model-agnostic Explanations), SHAP (SHapley Additive exPlanations), and model-agnostic interpretability methods."
      ]
    },
    {
      "tag": "ml_deployment",
      "patterns": [
        "How do you deploy machine learning models?",
        "Explain the process of model deployment",
        "Tell me about deploying ML models in production"
      ],
      "responses": [
        "Deploying machine learning models involves packaging trained models into production-ready systems or applications and making them accessible for making predictions or generating insights in real-time.",
        "The process of model deployment includes tasks like model serialization, containerization, setting up inference endpoints, deploying to cloud services or on-premises servers, monitoring model performance, and handling versioning and updates.",
        "Deploying ML models in production requires addressing challenges like scalability, reliability, security, latency, and regulatory compliance. It involves collaborating with software engineers, DevOps teams, and stakeholders to ensure successful integration and operation of models in production environments."
      ]
    },
    {
      "tag": "ml_automation",
      "patterns": [
        "What is machine learning automation?",
        "Explain the role of automation in ML projects",
        "Tell me about tools for automating machine learning"
      ],
      "responses": [
        "Machine learning automation refers to the use of automated tools, techniques, and processes to streamline and accelerate various stages of the machine learning workflow, including data preprocessing, feature engineering, model selection, hyperparameter tuning, and model deployment.",
        "Automation plays a crucial role in ML projects by reducing manual effort, accelerating development cycles, improving reproducibility, and enabling scalability. It helps in handling large datasets, complex models, and repetitive tasks efficiently.",
        "Tools for automating machine learning include AutoML platforms like Google AutoML, H2O.ai, DataRobot, and IBM Watson Studio AutoAI, as well as libraries like scikit-learn, TPOT, and Hyperopt for automating model selection, hyperparameter tuning, and pipeline optimization."
      ]
    },
    {
      "tag": "ml_ethics",
      "patterns": [
        "Why is ethics important in machine learning?",
        "Explain ethical considerations in ML projects",
        "Tell me about ethical guidelines for ML practitioners"
      ],
      "responses": [
        "Ethics is important in machine learning to ensure fairness, accountability, transparency, and privacy in the development and deployment of AI systems. It involves considering the potential social, economic, and ethical impacts of ML technologies on individuals and society.",
        "Ethical considerations in ML projects include issues like algorithmic bias, discrimination, privacy violations, lack of transparency, unintended consequences, and misuse of AI technologies. It's essential to address these concerns to build trust and mitigate risks associated with AI systems.",
        "Ethical guidelines for ML practitioners include principles like fairness, transparency, accountability, privacy, security, and inclusivity. Organizations and regulatory bodies have developed frameworks and guidelines like the AI Ethics Guidelines by the IEEE, the Principles for Responsible AI by the European Commission, and the AI Principles by the Future of Life Institute to promote ethical AI development and deployment."
      ]
    },
    {
      "tag": "ml_security",
      "patterns": [
        "Why is security important in machine learning?",
        "Explain security challenges in ML projects",
        "Tell me about techniques for securing ML models"
      ],
      "responses": [
        "Security is important in machine learning to protect AI systems, data, and users from various threats, including adversarial attacks, data breaches, model poisoning, and unauthorized access. It involves ensuring the confidentiality, integrity, and availability of ML systems and data.",
        "Security challenges in ML projects include vulnerabilities like adversarial attacks, data poisoning attacks, model inversion attacks, membership inference attacks, and backdoor attacks. These threats can compromise the integrity, privacy, and reliability of AI systems.",
        "Techniques for securing ML models include methods like adversarial training, robust model architectures, input sanitization, differential privacy, federated learning, secure enclaves, model watermarking, and continuous monitoring. These techniques help in detecting and mitigating security threats and ensuring the trustworthiness of ML systems."
      ]
    },
    {
      "tag": "ml_responsibility",
      "patterns": [
        "What is the responsibility of ML practitioners?",
        "Explain ethical responsibilities in ML",
        "Tell me about the role of ML practitioners in society"
      ],
      "responses": [
        "ML practitioners have a responsibility to develop and deploy AI systems responsibly, ethically, and transparently, considering the potential impacts on individuals, communities, and society as a whole. They should adhere to ethical guidelines, regulatory requirements, and best practices in AI development and deployment.",
        "Ethical responsibilities in ML include ensuring fairness, transparency, accountability, privacy, and safety in the design, development, and deployment of AI systems. Practitioners should be aware of the potential social, economic, and ethical implications of their work and take measures to mitigate risks and prevent harm.",
        "The role of ML practitioners in society is to leverage AI technologies for positive social impact, address societal challenges, and empower individuals and communities through innovation, education, and responsible AI deployment. They play a key role in advancing AI research, promoting ethical AI practices, and fostering collaboration across disciplines to address complex societal issues."
      ]
    },
    {
      "tag": "ml_types",
      "patterns": [
        "What are the main types of machine learning?",
        "Explain supervised learning",
        "Tell me about unsupervised learning",
        "What is reinforcement learning?"
      ],
      "responses": [
        "The main types of machine learning are supervised learning, unsupervised learning, and reinforcement learning.",
        "Supervised learning is a type of ML where the model learns from labeled data, making predictions based on input-output pairs.",
        "Unsupervised learning is a type of ML where the model learns patterns and structures from unlabeled data.",
        "Reinforcement learning is a type of ML where the model learns to make decisions by interacting with an environment and receiving feedback in the form of rewards or penalties."
      ]
    },
    {
      "tag": "ai_types",
      "patterns": [
        "What are the different types of artificial intelligence?",
        "Explain narrow AI",
        "Tell me about general AI",
        "What is superintelligent AI?"
      ],
      "responses": [
        "There are mainly three types of artificial intelligence: narrow AI, general AI, and superintelligent AI.",
        "Narrow AI, also known as weak AI, is designed to perform specific tasks or solve narrow problems within a limited domain.",
        "General AI, also known as strong AI or AGI (Artificial General Intelligence), refers to AI systems that possess human-like intelligence and can perform any intellectual task that a human can.",
        "Superintelligent AI, also referred to as artificial superintelligence (ASI), surpasses human intelligence in all aspects and capabilities, posing potential existential risks and ethical considerations."
      ]
    },
    {
      "tag": "ai_inventors",
      "patterns": [
        "Who invented artificial intelligence?",
        "Tell me about Alan Turing",
        "Who developed the first AI program?",
        "What is the history of AI research?"
      ],
      "responses": [
        "Artificial intelligence has been developed by numerous researchers and scientists over several decades.",
        "Alan Turing, a British mathematician, computer scientist, and cryptanalyst, is considered one of the pioneers of AI. His work laid the foundation for modern computing and AI research.",
        "The first AI program was developed by Allen Newell and Herbert A. Simon in the late 1950s. Known as the Logic Theorist, it was capable of proving mathematical theorems.",
        "The history of AI research dates back to the mid-20th century, with significant contributions from researchers like Alan Turing, John McCarthy, Marvin Minsky, and Herbert A. Simon. AI has since evolved through several phases of research, development, and innovation, leading to breakthroughs in areas like machine learning, neural networks, natural language processing, and robotics."
      ]
    },
    {
      "tag": "ml_inventors",
      "patterns": [
        "Who are some notable inventors in machine learning?",
        "Tell me about Arthur Samuel",
        "Who developed the perceptron?",
        "What contributions did Geoffrey Hinton make to ML?"
      ],
      "responses": [
        "There are several notable inventors in machine learning who have made significant contributions to the field.",
        "Arthur Samuel, an American computer scientist, is known for developing the first self-learning program in 1959, which played checkers and improved its performance over time through reinforcement learning.",
        "The perceptron, an early neural network model, was developed by Frank Rosenblatt in 1957. It laid the foundation for modern neural network research and contributed to the development of artificial intelligence.",
        "Geoffrey Hinton, a British-Canadian computer scientist and cognitive psychologist, made pioneering contributions to the field of deep learning and artificial neural networks. His work on backpropagation and convolutional neural networks (CNNs) has significantly advanced the field of machine learning."
      ]
    },
    {
      "tag": "ml_history",
      "patterns": [
        "What is the history of machine learning?",
        "Tell me about the evolution of ML",
        "Who coined the term 'machine learning'?",
        "What were some early applications of ML?"
      ],
      "responses": [
        "The history of machine learning spans several decades and has evolved through various phases of research, development, and innovation.",
        "Machine learning has its roots in the early days of computing and artificial intelligence research, with significant milestones including the development of neural networks, decision trees, and Bayesian methods.",
        "The term 'machine learning' was coined by Arthur Samuel in 1959 to describe the ability of computers to learn from experience and improve their performance over time without being explicitly programmed.",
        "Some early applications of machine learning include pattern recognition, speech recognition, handwriting recognition, medical diagnosis, and game playing. These applications laid the foundation for modern machine learning algorithms and techniques."
      ]
    },
    {
      "tag": "ai_ml_dl_connection",
      "patterns": [
        "How are artificial intelligence, machine learning, and deep learning connected?",
        "Explain the relationship between AI, ML, and DL",
        "What role does deep learning play in AI?",
        "How has ML influenced the development of AI?"
      ],
      "responses": [
        "Artificial intelligence, machine learning, and deep learning are closely interconnected fields that contribute to the advancement of AI technologies.",
        "Machine learning is a subset of artificial intelligence that focuses on developing algorithms and models that enable computers to learn from data and make predictions or decisions without being explicitly programmed.",
        "Deep learning is a subfield of machine learning that uses artificial neural networks with multiple layers to learn complex patterns and representations from data. It has become a dominant approach in various AI applications, including image recognition, natural language processing, and autonomous driving.",
        "Machine learning has played a crucial role in the development of artificial intelligence by providing methods and techniques for training models on large datasets, extracting meaningful insights from data, and making intelligent decisions or predictions. It has enabled AI systems to learn from experience, adapt to new information, and perform tasks that were previously thought to require human intelligence."
      ]
    },
    {
      "tag": "ai_ml_dl_difference",
      "patterns": [
        "What is the difference between AI, ML, and DL?",
        "Explain the distinctions among AI, ML, and DL",
        "Tell me about the unique characteristics of AI, ML, and DL"
      ],
      "responses": [
        "Artificial Intelligence (AI), Machine Learning (ML), and Deep Learning (DL) are closely related fields but have distinct characteristics and approaches.",
        "AI refers to the broader concept of machines or systems that can mimic human intelligence to perform tasks autonomously. ML is a subset of AI that focuses on developing algorithms that allow computers to learn from data and make predictions or decisions without being explicitly programmed. DL is a subfield of ML that uses artificial neural networks with multiple layers (deep networks) to learn complex patterns and representations from data.",
        "AI encompasses a wide range of techniques and approaches, including rule-based systems, symbolic reasoning, expert systems, and statistical learning methods. ML emphasizes learning from data and relies on algorithms like regression, classification, clustering, and reinforcement learning. DL involves training deep neural networks with large datasets to automatically learn hierarchical representations of data and extract features at multiple levels of abstraction."
      ]
    },
    {
      "tag": "ai_ml_dl_relevance",
      "patterns": [
        "How relevant are AI, ML, and DL today?",
        "Explain the present significance of AI, ML, and DL",
        "Tell me about the current dominance of AI, ML, and DL"
      ],
      "responses": [
        "Artificial Intelligence (AI), Machine Learning (ML), and Deep Learning (DL) are highly relevant and impactful technologies in today's world.",
        "AI technologies are transforming various industries and domains, including healthcare, finance, retail, manufacturing, transportation, and entertainment. ML techniques are used for predictive analytics, recommendation systems, fraud detection, natural language processing, computer vision, and autonomous systems. DL has revolutionized fields like image recognition, speech recognition, language translation, and autonomous driving, achieving state-of-the-art performance in many tasks.",
        "The dominance of AI, ML, and DL is evident in the widespread adoption of AI-powered applications and services, the emergence of AI-driven startups and enterprises, and the integration of AI technologies into everyday products and platforms. These technologies have the potential to drive innovation, enhance productivity, and improve decision-making across various sectors, shaping the future of technology and society."
      ]
    },
    {
      "tag": "statistical_learning_intro",
      "patterns": [
        "What is statistical learning?",
        "Explain the concept of statistical learning",
        "Tell me about statistical learning"
      ],
      "responses": [
        "Statistical learning is a field of study that focuses on developing and applying mathematical and computational techniques to analyze data, make predictions, and extract insights from complex datasets.",
        "It involves the use of statistical methods, machine learning algorithms, and computational tools to model relationships between variables, uncover patterns in data, and make informed decisions based on data-driven predictions.",
        "Statistical learning techniques are widely used in various disciplines, including statistics, computer science, engineering, economics, finance, healthcare, and social sciences, to solve problems related to classification, regression, clustering, dimensionality reduction, and anomaly detection."
      ]
    },
    {
      "tag": "supervised_learning",
      "patterns": [
        "What is supervised learning?",
        "Explain supervised learning",
        "Tell me about supervised learning algorithms"
      ],
      "responses": [
        "Supervised learning is a type of statistical learning where the model learns from labeled data, making predictions or decisions based on input-output pairs.",
        "In supervised learning, the algorithm is trained on a dataset consisting of input variables (features) and corresponding output variables (labels or target values). The goal is to learn a mapping from inputs to outputs that can generalize to unseen data.",
        "Supervised learning algorithms include regression algorithms for predicting continuous outcomes and classification algorithms for predicting categorical outcomes. Examples include linear regression, logistic regression, decision trees, support vector machines, and neural networks."
      ]
    },
    {
      "tag": "unsupervised_learning",
      "patterns": [
        "What is unsupervised learning?",
        "Explain unsupervised learning",
        "Tell me about unsupervised learning algorithms"
      ],
      "responses": [
        "Unsupervised learning is a type of statistical learning where the model learns patterns and structures from unlabeled data without explicit supervision or feedback.",
        "In unsupervised learning, the algorithm explores the underlying structure of the data, discovering hidden patterns, clusters, or relationships among the variables.",
        "Unsupervised learning algorithms include clustering algorithms for grouping similar data points together, dimensionality reduction techniques for simplifying complex data representations, and association rule mining algorithms for discovering interesting relationships in transactional data. Examples include k-means clustering, hierarchical clustering, principal component analysis (PCA), and Apriori algorithm."
      ]
    },
    {
      "tag": "training_test_loss",
      "patterns": [
        "What is training and test loss?",
        "Explain training and test loss",
        "Tell me about the concept of training and test loss"
      ],
      "responses": [
        "Training and test loss are metrics used to evaluate the performance of a machine learning model during training and testing phases.",
        "Training loss measures the error or discrepancy between the predicted outputs of the model and the true labels on the training dataset. It quantifies how well the model fits the training data.",
        "Test loss, also known as validation loss or generalization error, measures the performance of the model on unseen data from a separate test dataset. It indicates how well the model generalizes to new, unseen examples and helps assess its predictive accuracy and reliability."
      ]
    },
    {
      "tag": "tradeoffs_in_learning",
      "patterns": [
        "What are tradeoffs in statistical learning?",
        "Explain the tradeoffs in learning",
        "Tell me about the concept of tradeoffs in statistical learning"
      ],
      "responses": [
        "Tradeoffs in statistical learning refer to the inherent compromises or decisions that must be made when designing and training machine learning models.",
        "These tradeoffs arise from balancing competing objectives, such as model complexity versus interpretability, bias versus variance, and underfitting versus overfitting.",
        "For example, increasing the complexity of a model may improve its ability to capture complex patterns in the data (reducing bias), but it may also increase the risk of overfitting and decrease its ability to generalize to new data (increasing variance). Finding the right balance between these tradeoffs is essential for building effective and robust machine learning models."
      ]
    },
    {
      "tag": "risk_estimation",
      "patterns": [
        "What is risk estimation in statistical learning?",
        "Explain risk estimation",
        "Tell me about the concept of risk estimation in statistical learning"
      ],
      "responses": [
        "Risk estimation in statistical learning refers to the process of quantifying the expected loss or error associated with a machine learning model's predictions on new, unseen data.",
        "It involves assessing the model's performance, reliability, and generalization ability by measuring its predictive accuracy, robustness, and stability.",
        "Common risk statistics used for risk estimation include mean squared error (MSE), mean absolute error (MAE), cross-entropy loss, classification error rate, precision, recall, F1-score, and area under the receiver operating characteristic (ROC) curve (AUC). These metrics provide insights into different aspects of the model's performance and help guide model selection, evaluation, and improvement."
      ]
    },
    {
      "tag": "sampling_distribution",
      "patterns": [
        "What is the sampling distribution of an estimator?",
        "Explain the concept of sampling distribution",
        "Tell me about sampling distribution in statistical learning"
      ],
      "responses": [
        "The sampling distribution of an estimator is the probability distribution of the estimator's values over all possible samples of a fixed size from the population.",
        "It describes the variability or uncertainty associated with the estimator's estimates and provides insights into its sampling properties, such as bias, variance, and efficiency.",
        "Understanding the sampling distribution is crucial for statistical inference, hypothesis testing, confidence interval estimation, and decision making in data analysis and machine learning."
      ]
    },
    {
      "tag": "empirical_risk_minimization",
      "patterns": [
        "What is empirical risk minimization?",
        "Explain empirical risk minimization",
        "Tell me about the concept of empirical risk minimization in statistical learning"
      ],
      "responses": [
        "Empirical risk minimization is a principle in statistical learning that aims to find the optimal model parameters by minimizing the average loss or error on the training data.",
        "It involves formulating a loss function or objective function that quantifies the discrepancy between the model's predictions and the true labels, and then optimizing this function to find the best-fitting model parameters.",
        "Empirical risk minimization forms the basis of many machine learning algorithms, including linear regression, logistic regression, support vector machines, and neural networks. It provides a systematic framework for model training, parameter estimation, and optimization in supervised learning tasks."
      ]
    },
    {
      "tag": "supervised_learning_intro",
      "patterns": [
        "What is supervised learning?",
        "Explain supervised learning",
        "Tell me about supervised learning"
      ],
      "responses": [
        "Supervised learning is a type of machine learning where the model learns from labeled data, making predictions or decisions based on input-output pairs.",
        "In supervised learning, the algorithm is trained on a dataset consisting of input variables (features) and corresponding output variables (labels or target values). The goal is to learn a mapping from inputs to outputs that can generalize to unseen data.",
        "Supervised learning is widely used in various applications, including regression for predicting continuous outcomes and classification for predicting categorical outcomes."
      ]
    },
    {
      "tag": "distance_based_methods",
      "patterns": [
        "What are distance-based methods in supervised learning?",
        "Explain distance-based methods",
        "Tell me about nearest neighbors algorithm"
      ],
      "responses": [
        "Distance-based methods in supervised learning involve measuring the similarity or dissimilarity between data points using a distance metric.",
        "The nearest neighbors algorithm is a distance-based method that predicts the label of a new data point by finding the most similar training examples (nearest neighbors) in the feature space and using their labels to make predictions.",
        "Distance-based methods are commonly used in pattern recognition, clustering, and recommendation systems."
      ]
    },
    {
      "tag": "decision_trees",
      "patterns": [
        "What are decision trees in supervised learning?",
        "Explain decision trees",
        "Tell me about decision tree algorithm"
      ],
      "responses": [
        "Decision trees are a popular machine learning algorithm used for classification and regression tasks.",
        "A decision tree recursively partitions the feature space into regions or segments based on the values of input features, and assigns a label or prediction to each region.",
        "Decision trees are easy to interpret and visualize, making them suitable for exploratory data analysis and decision support systems."
      ]
    },
    {
      "tag": "naive_bayes",
      "patterns": [
        "What is Naive Bayes in supervised learning?",
        "Explain Naive Bayes algorithm",
        "Tell me about Naive Bayes classifier"
      ],
      "responses": [
        "Naive Bayes is a probabilistic machine learning algorithm based on Bayes' theorem and the assumption of conditional independence between features.",
        "The Naive Bayes classifier calculates the probability of each class label given the input features and selects the class with the highest posterior probability as the predicted label.",
        "Naive Bayes classifiers are commonly used for text classification, spam filtering, and sentiment analysis."
      ]
    },
    {
      "tag": "linear_models",
      "patterns": [
        "What are linear models in supervised learning?",
        "Explain linear regression",
        "Tell me about logistic regression"
      ],
      "responses": [
        "Linear models in supervised learning are algorithms that model the relationship between input features and output variables using linear functions.",
        "Linear regression is a linear model used for predicting continuous outcomes by fitting a straight line to the data that minimizes the sum of squared residuals.",
        "Logistic regression is a linear model used for binary classification tasks, where the output variable is binary (0 or 1). It models the probability of the positive class using a logistic function."
      ]
    },
    {
      "tag": "support_vector_machines",
      "patterns": [
        "What are Support Vector Machines (SVM) in supervised learning?",
        "Explain SVM algorithm",
        "Tell me about SVM classifier"
      ],
      "responses": [
        "Support Vector Machines (SVM) are a powerful supervised learning algorithm used for classification and regression tasks.",
        "SVMs find the optimal hyperplane that separates the classes in the feature space with the maximum margin, maximizing the margin between the closest data points (support vectors).",
        "SVMs are effective for handling high-dimensional data and are widely used in image classification, text classification, and bioinformatics."
      ]
    },
    {
      "tag": "binary_classification",
      "patterns": [
        "What is binary classification in supervised learning?",
        "Explain binary classification",
        "Tell me about multiclass/structured outputs"
      ],
      "responses": [
        "Binary classification is a type of supervised learning where the task involves predicting one of two possible classes or categories.",
        "In binary classification, the output variable is binary, with two distinct classes or labels (e.g., positive/negative, yes/no, spam/not spam).",
        "Multiclass or structured outputs refer to classification tasks where the output variable has more than two possible classes or labels. It includes tasks such as multiclass classification, multilabel classification, and structured prediction."
      ]
    },
    {
      "tag": "mnist",
      "patterns": [
        "What is MNIST dataset?",
        "Explain MNIST dataset",
        "Tell me about MNIST handwritten digits dataset"
      ],
      "responses": [
        "The MNIST dataset is a widely used benchmark dataset in machine learning and computer vision.",
        "It consists of a collection of 28x28 grayscale images of handwritten digits (0-9), along with their corresponding labels.",
        "The MNIST dataset is often used for training and evaluating machine learning models, particularly for image classification tasks."
      ]
    },
    {
      "tag": "ranking",
      "patterns": [
        "What is ranking in supervised learning?",
        "Explain ranking",
        "Tell me about ranking algorithms"
      ],
      "responses": [
        "Ranking in supervised learning refers to the process of ordering or prioritizing a set of items or instances based on their relevance or importance to a given query or task.",
        "It involves learning a ranking function that assigns scores or ranks to the items, such that relevant items are ranked higher than irrelevant ones.",
        "Ranking algorithms are used in information retrieval, recommendation systems, search engines, and personalized marketing to provide users with relevant and personalized results."
      ]
    },
    {
      "tag": "ensemble_learning_intro",
      "patterns": [
        "What is ensemble learning?",
        "Explain ensemble learning",
        "Tell me about ensemble learning"
      ],
      "responses": [
        "Ensemble learning is a machine learning technique where multiple models are combined to improve predictive performance and robustness over individual models.",
        "It involves training multiple base learners or weak classifiers on the same dataset and aggregating their predictions to make final predictions.",
        "Ensemble learning methods can reduce overfitting, increase generalization, and achieve higher accuracy by leveraging the diversity and complementary strengths of different models."
      ]
    },
    {
      "tag": "voting_classifiers",
      "patterns": [
        "What are voting classifiers in ensemble learning?",
        "Explain voting classifiers",
        "Tell me about voting ensemble methods"
      ],
      "responses": [
        "Voting classifiers in ensemble learning combine the predictions of multiple base classifiers (e.g., decision trees, logistic regression, support vector machines) and make final predictions based on majority voting (hard voting) or weighted voting (soft voting).",
        "In hard voting, the class with the most votes is selected as the final prediction. In soft voting, the class probabilities predicted by each base classifier are averaged or weighted to make the final prediction.",
        "Voting classifiers are simple yet effective ensemble methods that can improve predictive accuracy and robustness by aggregating diverse opinions from multiple models."
      ]
    },
    {
      "tag": "bagging_and_pasting",
      "patterns": [
        "What are bagging and pasting in ensemble learning?",
        "Explain bagging and pasting",
        "Tell me about bagging and pasting ensemble methods"
      ],
      "responses": [
        "Bagging (Bootstrap Aggregating) and pasting are ensemble learning techniques that involve training multiple base learners on different bootstrap samples (with replacement or without replacement) of the training dataset.",
        "In bagging, each base learner is trained on a random subset of the training data with replacement, allowing some instances to be sampled multiple times. In pasting, each base learner is trained on a random subset of the training data without replacement, ensuring that each instance is sampled only once.",
        "Bagging and pasting can reduce variance and improve generalization by averaging the predictions of multiple models trained on diverse subsets of the data."
      ]
    },
    {
      "tag": "random_forests",
      "patterns": [
        "What are Random Forests in ensemble learning?",
        "Explain Random Forests",
        "Tell me about Random Forest ensemble method"
      ],
      "responses": [
        "Random Forests are an ensemble learning method based on decision trees, where multiple decision trees are trained on different bootstrap samples of the training data and the final prediction is made by aggregating the predictions of individual trees (usually by averaging or voting).",
        "Random Forests introduce additional randomness during tree construction by considering only a random subset of features at each split, which helps decorrelate the trees and reduce overfitting.",
        "Random Forests are robust, scalable, and widely used for classification and regression tasks in various domains, including finance, healthcare, and bioinformatics."
      ]
    },
    {
      "tag": "boosting",
      "patterns": [
        "What is boosting in ensemble learning?",
        "Explain boosting",
        "Tell me about boosting ensemble method"
      ],
      "responses": [
        "Boosting is an ensemble learning technique that combines multiple weak learners sequentially to create a strong learner.",
        "In boosting, each base learner is trained on the same dataset, and subsequent learners focus on the instances that were misclassified or have higher weights, aiming to correct the errors made by previous models.",
        "Boosting algorithms, such as AdaBoost (Adaptive Boosting) and Gradient Boosting Machines (GBM), are powerful and versatile techniques that can improve predictive performance and handle complex datasets with high-dimensional features."
      ]
    },
    {
      "tag": "stacking",
      "patterns": [
        "What is stacking in ensemble learning?",
        "Explain stacking",
        "Tell me about stacking ensemble method"
      ],
      "responses": [
        "Stacking, also known as stacked generalization, is an ensemble learning technique that combines the predictions of multiple base models by training a meta-learner on their outputs.",
        "In stacking, the base models make predictions on the training data, and their predictions (or probabilities) are used as features for training the meta-learner.",
        "Stacking allows for more complex combinations of base models and can often achieve higher performance than individual models or simple ensembles."
      ]
    },
    {
      "tag": "linear_svm_classification",
      "patterns": [
        "What is Linear SVM Classification?",
        "Explain Linear SVM Classification",
        "Tell me about Linear Support Vector Machine (SVM) Classification"
      ],
      "responses": [
        "Linear Support Vector Machine (SVM) Classification is a supervised learning algorithm used for binary classification tasks.",
        "In Linear SVM Classification, the algorithm seeks to find the optimal hyperplane that separates the classes in the feature space with the maximum margin, maximizing the margin between the closest data points (support vectors).",
        "Linear SVM Classification is effective for linearly separable datasets and is widely used in applications such as text classification, image recognition, and bioinformatics."
      ]
    },
    {
      "tag": "nonlinear_svm_classification",
      "patterns": [
        "What is Nonlinear SVM Classification?",
        "Explain Nonlinear SVM Classification",
        "Tell me about Nonlinear Support Vector Machine (SVM) Classification"
      ],
      "responses": [
        "Nonlinear Support Vector Machine (SVM) Classification is an extension of Linear SVM Classification that allows for nonlinear decision boundaries by using kernel functions to map the input features into a higher-dimensional space.",
        "In Nonlinear SVM Classification, the algorithm finds the optimal nonlinear decision boundary that separates the classes in the transformed feature space.",
        "Nonlinear SVM Classification is suitable for datasets with complex relationships and can handle both linearly separable and nonlinearly separable data."
      ]
    },
    {
      "tag": "svm_regression",
      "patterns": [
        "What is SVM Regression?",
        "Explain SVM Regression",
        "Tell me about Support Vector Machine (SVM) Regression"
      ],
      "responses": [
        "Support Vector Machine (SVM) Regression is a supervised learning algorithm used for regression tasks, where the goal is to predict continuous target variables.",
        "In SVM Regression, the algorithm finds the optimal hyperplane that best fits the training data while maximizing the margin between the data points and the hyperplane.",
        "SVM Regression is effective for handling both linear and nonlinear regression problems and is widely used in applications such as stock market prediction, time series forecasting, and medical diagnosis."
      ]
    },
    {
      "tag": "naive_bayes_classifiers",
      "patterns": [
        "What are Naïve Bayes Classifiers?",
        "Explain Naïve Bayes Classifiers",
        "Tell me about Naïve Bayes classification algorithm"
      ],
      "responses": [
        "Naïve Bayes Classifiers are a family of probabilistic machine learning algorithms based on Bayes' theorem and the assumption of conditional independence between features.",
        "In Naïve Bayes classification, the algorithm calculates the probability of each class label given the input features and selects the class with the highest posterior probability as the predicted label.",
        "Naïve Bayes classifiers are simple yet effective for text classification, email spam filtering, and sentiment analysis, and they perform well on high-dimensional data."
      ]
    },
    {
      "tag": "unsupervised_learning_intro",
      "patterns": [
        "What is unsupervised learning?",
        "Explain unsupervised learning",
        "Tell me about unsupervised learning techniques"
      ],
      "responses": [
        "Unsupervised learning is a type of machine learning where the model learns patterns and structures from unlabeled data without explicit supervision.",
        "In unsupervised learning, the algorithm explores the structure of the data to find hidden patterns, relationships, or clusters.",
        "Unsupervised learning techniques are widely used for tasks such as clustering, dimensionality reduction, and anomaly detection."
      ]
    },
    {
      "tag": "clustering",
      "patterns": [
        "What is clustering in unsupervised learning?",
        "Explain clustering",
        "Tell me about clustering techniques"
      ],
      "responses": [
        "Clustering in unsupervised learning is the process of grouping similar data points into clusters or segments based on their intrinsic characteristics or proximity in the feature space.",
        "Clustering algorithms aim to partition the data into clusters such that data points within the same cluster are more similar to each other than to those in other clusters.",
        "Clustering techniques are used in various applications, including customer segmentation, image segmentation, and anomaly detection."
      ]
    },
    {
      "tag": "k_means",
      "patterns": [
        "What is K-Means clustering?",
        "Explain K-Means clustering",
        "Tell me about K-Means clustering algorithm"
      ],
      "responses": [
        "K-Means clustering is a popular unsupervised learning algorithm used for partitioning a dataset into K clusters.",
        "In K-Means clustering, the algorithm iteratively assigns each data point to the nearest centroid (cluster center) and updates the centroids based on the mean of the data points assigned to each cluster.",
        "K-Means clustering is simple, scalable, and efficient, but it has limitations such as sensitivity to initial cluster centroids and assumptions of spherical clusters."
      ]
    },
    {
      "tag": "limits_of_k_means",
      "patterns": [
        "What are the limits of K-Means clustering?",
        "Explain the limitations of K-Means clustering",
        "Tell me about the drawbacks of K-Means algorithm"
      ],
      "responses": [
        "K-Means clustering assumes that clusters are spherical and have equal variance, which may not hold true for complex or irregularly shaped clusters.",
        "K-Means clustering is sensitive to the choice of initial cluster centroids and may converge to local optima, resulting in suboptimal clustering solutions.",
        "K-Means clustering may not perform well when the number of clusters (K) is unknown or when the clusters have varying densities or sizes."
      ]
    },
    {
      "tag": "using_clustering_for_image_segmentation",
      "patterns": [
        "How is clustering used for image segmentation?",
        "Explain image segmentation using clustering",
        "Tell me about clustering-based image segmentation"
      ],
      "responses": [
        "Clustering is used for image segmentation to partition an image into distinct regions or segments based on pixel intensities or features.",
        "In clustering-based image segmentation, each pixel in the image is treated as a data point, and clustering algorithms such as K-Means or DBSCAN are applied to group similar pixels into segments.",
        "Clustering-based image segmentation is widely used in computer vision applications, including object detection, medical image analysis, and scene understanding."
      ]
    },
    {
      "tag": "using_clustering_for_preprocessing",
      "patterns": [
        "How is clustering used for data preprocessing?",
        "Explain data preprocessing using clustering",
        "Tell me about clustering-based data preprocessing"
      ],
      "responses": [
        "Clustering is used for data preprocessing to identify and remove outliers, detect patterns, or reduce the dimensionality of the data before feeding it into downstream machine learning algorithms.",
        "In clustering-based data preprocessing, unsupervised clustering algorithms are applied to the dataset to identify clusters or groups of similar data points, which can then be used for outlier detection, imputation, or feature engineering.",
        "Clustering-based data preprocessing helps improve the quality and efficiency of machine learning models by identifying relevant patterns or structures in the data."
      ]
    },
    {
      "tag": "using_clustering_for_semi_supervised_learning",
      "patterns": [
        "How is clustering used for semi-supervised learning?",
        "Explain semi-supervised learning using clustering",
        "Tell me about clustering-based semi-supervised learning"
      ],
      "responses": [
        "Clustering is used for semi-supervised learning to leverage both labeled and unlabeled data for training machine learning models.",
        "In clustering-based semi-supervised learning, unsupervised clustering algorithms are applied to the unlabeled data to generate pseudo-labels or cluster assignments, which are then used to train a supervised learning model on the labeled data.",
        "Clustering-based semi-supervised learning can improve model performance and generalization by incorporating additional unlabeled data into the training process."
      ]
    },
    {
      "tag": "dbscan",
      "patterns": [
        "What is DBSCAN?",
        "Explain DBSCAN algorithm",
        "Tell me about Density-Based Spatial Clustering of Applications with Noise (DBSCAN)"
      ],
      "responses": [
        "Density-Based Spatial Clustering of Applications with Noise (DBSCAN) is a popular clustering algorithm used for identifying clusters of arbitrary shapes in spatial data.",
        "In DBSCAN, clusters are formed based on the density of data points, with dense regions representing clusters and sparse regions considered noise or outliers.",
        "DBSCAN does not require specifying the number of clusters beforehand and can handle clusters of varying shapes and densities, making it robust and suitable for various applications."
      ]
    },
    {
      "tag": "gaussian_mixtures",
      "patterns": [
        "What are Gaussian Mixtures?",
        "Explain Gaussian Mixtures",
        "Tell me about Gaussian Mixture Models (GMM)"
      ],
      "responses": [
        "Gaussian Mixtures are probabilistic models used for representing complex probability distributions as a mixture of multiple Gaussian (normal) distributions.",
        "In Gaussian Mixture Models (GMM), each data point is assumed to be generated from one of several Gaussian distributions, and the goal is to estimate the parameters of these distributions (mean, variance, and mixture weights) given the observed data.",
        "GMMs are versatile and can model a wide range of data distributions, making them useful for clustering, density estimation, and generative modeling tasks."
      ]
    },
    {
      "tag": "dimensionality_reduction_intro",
      "patterns": [
        "What is dimensionality reduction?",
        "Explain dimensionality reduction",
        "Tell me about dimensionality reduction techniques"
      ],
      "responses": [
        "Dimensionality reduction is the process of reducing the number of input variables or features in a dataset while preserving as much relevant information as possible.",
        "In dimensionality reduction, high-dimensional data is transformed into a lower-dimensional space, making it easier to visualize, analyze, and model.",
        "Dimensionality reduction techniques are used to address the curse of dimensionality, improve computational efficiency, and mitigate overfitting in machine learning models."
      ]
    },
    {
      "tag": "curse_of_dimensionality",
      "patterns": [
        "What is the curse of dimensionality?",
        "Explain the curse of dimensionality",
        "Tell me about challenges posed by high-dimensional data"
      ],
      "responses": [
        "The curse of dimensionality refers to the phenomena observed in high-dimensional spaces, where the volume of the space increases exponentially with the number of dimensions.",
        "In high-dimensional spaces, data becomes sparse, and the distance between data points becomes less meaningful, making it difficult to accurately estimate densities, distances, or relationships.",
        "The curse of dimensionality can lead to computational challenges, overfitting, and degraded performance of machine learning algorithms."
      ]
    },
    {
      "tag": "main_approaches_dimensionality_reduction",
      "patterns": [
        "What are the main approaches for dimensionality reduction?",
        "Explain approaches to dimensionality reduction",
        "Tell me about techniques for reducing dimensionality"
      ],
      "responses": [
        "The main approaches for dimensionality reduction include feature selection and feature extraction.",
        "Feature selection methods select a subset of relevant features from the original dataset based on their importance or relevance to the target variable.",
        "Feature extraction methods transform the original high-dimensional data into a lower-dimensional space by creating new features that capture most of the variability in the data."
      ]
    },
    {
      "tag": "pca",
      "patterns": [
        "What is Principal Component Analysis (PCA)?",
        "Explain PCA",
        "Tell me about PCA dimensionality reduction technique"
      ],
      "responses": [
        "Principal Component Analysis (PCA) is a popular linear dimensionality reduction technique used for capturing the most significant patterns or structures in high-dimensional data.",
        "In PCA, the algorithm identifies orthogonal axes (principal components) that maximize the variance of the data and projects the data onto these components to create a lower-dimensional representation.",
        "PCA is widely used for data visualization, feature extraction, and noise reduction, and it is computationally efficient and easy to implement."
      ]
    },
    {
      "tag": "using_scikit_learn_pca",
      "patterns": [
        "How is PCA used in Scikit-Learn?",
        "Explain PCA implementation in Scikit-Learn",
        "Tell me about PCA usage with Scikit-Learn library"
      ],
      "responses": [
        "PCA implementation in Scikit-Learn is available through the 'PCA' class in the 'sklearn.decomposition' module.",
        "To use PCA in Scikit-Learn, you first create a PCA object, specify the number of components or variance to preserve, and then fit the PCA model to the training data using the 'fit' method.",
        "Once the PCA model is trained, you can transform the original data into the lower-dimensional space using the 'transform' method."
      ]
    },
    {
      "tag": "randomized_pca",
      "patterns": [
        "What is Randomized PCA?",
        "Explain Randomized PCA",
        "Tell me about Randomized PCA dimensionality reduction technique"
      ],
      "responses": [
        "Randomized PCA is a variant of Principal Component Analysis (PCA) that uses randomization techniques to approximate the principal components of a high-dimensional dataset more efficiently.",
        "In Randomized PCA, the algorithm approximates the principal components using randomized matrix projections, which can significantly reduce the computational complexity and memory requirements compared to traditional PCA algorithms.",
        "Randomized PCA is particularly useful for large-scale datasets with a high number of features, where traditional PCA may be computationally prohibitive."
      ]
    },
    {
      "tag": "kernel_pca",
      "patterns": [
        "What is Kernel PCA?",
        "Explain Kernel PCA",
        "Tell me about Kernel PCA dimensionality reduction technique"
      ],
      "responses": [
        "Kernel PCA is a nonlinear dimensionality reduction technique that extends Principal Component Analysis (PCA) by using kernel methods to implicitly map the data into a higher-dimensional feature space.",
        "In Kernel PCA, the algorithm applies a kernel function (e.g., radial basis function, polynomial) to compute the dot product between data points in the original space, allowing for nonlinear mappings and capturing complex patterns in the data.",
        "Kernel PCA is effective for handling nonlinear relationships and nonlinearly separable data, but it may be computationally intensive and sensitive to the choice of kernel parameters."
      ]
    },
    {
      "tag": "neural_networks_intro",
      "patterns": [
        "What are Neural Networks?",
        "Explain Artificial Neural Networks",
        "Tell me about Neural Networks in Deep Learning"
      ],
      "responses": [
        "Neural Networks are computational models inspired by the structure and function of the human brain's interconnected neurons.",
        "Artificial Neural Networks (ANNs) consist of interconnected nodes (neurons) organized into layers, where each neuron receives input, processes it using an activation function, and produces an output.",
        "Neural Networks in Deep Learning refer to multi-layered architectures capable of learning complex patterns and representations from data."
      ]
    },
    {
      "tag": "implementing_mlps_with_keras",
      "patterns": [
        "How to implement Multilayer Perceptrons (MLPs) with Keras?",
        "Explain MLP implementation with Keras",
        "Tell me about building MLPs using Keras library"
      ],
      "responses": [
        "Multilayer Perceptrons (MLPs) can be implemented with the Keras library, which provides a high-level interface for building and training neural networks.",
        "To implement MLPs with Keras, you first define the architecture of the neural network by specifying the number of layers, the number of neurons in each layer, and the activation functions.",
        "Once the MLP architecture is defined, you compile the model with an optimizer, loss function, and optional metrics, and then train the model on the training data using the 'fit' method."
      ]
    },
    {
      "tag": "installing_tensorflow_2",
      "patterns": [
        "How to install TensorFlow 2?",
        "Explain TensorFlow 2 installation process",
        "Tell me about installing TensorFlow version 2"
      ],
      "responses": [
        "To install TensorFlow 2, you can use pip, the Python package manager, by running the command 'pip install tensorflow==2.0' in your terminal or command prompt.",
        "Alternatively, you can install TensorFlow 2 using Anaconda by running the command 'conda install tensorflow=2.0' in your Anaconda prompt.",
        "Make sure to use the appropriate command based on your Python environment and package manager to install TensorFlow 2 successfully."
      ]
    },
    {
      "tag": "loading_preprocessing_data_with_tensorflow",
      "patterns": [
        "How to load and preprocess data with TensorFlow?",
        "Explain data loading and preprocessing with TensorFlow",
        "Tell me about handling data with TensorFlow"
      ],
      "responses": [
        "To load and preprocess data with TensorFlow, you can use the TensorFlow Dataset API, which provides efficient tools for handling large datasets and preprocessing operations.",
        "First, you create a TensorFlow Dataset object from your data source, such as NumPy arrays, CSV files, or TensorFlow tensors.",
        "Then, you apply preprocessing transformations such as normalization, scaling, or shuffling to the dataset using methods like 'map', 'batch', and 'shuffle'. Finally, you iterate over the dataset to feed batches of data into your neural network model during training."
      ]
    },
    {
      "tag": "greeting",
      "patterns": [
        "Hi",
        "How are you?",
        "Is anyone there?",
        "Hello",
        "Good day",
        "What's up",
        "how are ya",
        "heyy",
        "whatsup",
        "??? ??? ??"
      ],
      "responses": [
        "Hello!",
        "Good to see you again!",
        "Hi there, how can I help?"
      ]
    },
    {
      "tag": "goodbye",
      "patterns": [
        "cya",
        "see you",
        "bye bye",
        "See you later",
        "Goodbye",
        "I am Leaving",
        "Bye",
        "Have a Good day",
        "talk to you later",
        "ttyl",
        "i got to go",
        "gtg"
      ],
      "responses": [
        "Sad to see you go :(",
        "Talk to you later",
        "Goodbye!",
        "Come back soon"
      ]
    },
    {
      "tag": "creator",
      "patterns": [
        "what is the name of your developers",
        "what is the name of your creators",
        "what is the name of the developers",
        "what is the name of the creators",
        "who created you",
        "your developers",
        "your creators",
        "who are your developers",
        "developers",
        "you are made by",
        "you are made by whom",
        "who created you",
        "who create you",
        "creators",
        "who made you",
        "who designed you"
      ],
      "responses": [
        "Praveen"
      ]
    },
    {
      "tag": "name",
      "patterns": [
        "name",
        "your name",
        "do you have a name",
        "what are you called",
        "what is your name",
        "what should I call you",
        "whats your name?",
        "what are you",
        "who are you",
        "who is this",
        "what am i chatting to",
        "who am i taking to",
        "what are you"
      ],
      "responses": [
        "You can call me ML mini guide.",
        "I'm ML mini guide",
        "I am a ML mini guide.",
        "I am your helper(ML mini guide)"
      ]
    },
    {
      "tag": "CourtesyGreeting",
      "patterns": [
        "How are you?",
        "Hi how are you?",
        "Hello how are you?",
        "Hola how are you?",
        "How are you doing?",
        "Hope you are doing well?",
        "Hello hope you are doing well?"
      ],
      "responses": [
        "Hello, I am great, how are you? Please tell me your GeniSys user",
        "Hello, how are you? I am great thanks! Please tell me your GeniSys user",
        "Hello, I am good thank you, how are you? Please tell me your GeniSys user",
        "Hi, I am great, how are you? Please tell me your GeniSys user",
        "Hi, how are you? I am great thanks! Please tell me your GeniSys user",
        "Hi, I am good thank you, how are you? Please tell me your GeniSys user",
        "Hi, good thank you, how are you? Please tell me your GeniSys user"
      ]
    },
    {
      "tag": "Thanks",
      "patterns": [
        "OK thank you",
        "OK thanks",
        "OK",
        "Thanks",
        "Thank you",
        "That's helpful"
      ],
      "responses": [
        "No problem!",
        "Happy to help!",
        "Any time!",
        "My pleasure"
      ]
    },
    {
      "tag": "UnderstandQuery",
      "patterns": [
        "Do you understand what I am saying",
        "Do you understand me",
        "Do you know what I am saying",
        "Do you get me",
        "Comprendo",
        "Know what I mean"
      ],
      "responses": [
        "Well I would not be a very clever AI if I did not would I?",
        "I read you loud and clear!",
        "I do in deed!"
      ]
    },
    {
      "tag": "SelfAware",
      "patterns": [
        "Can you prove you are self-aware",
        "Can you prove you are self aware",
        "Can you prove you have a conscious",
        "Can you prove you are self-aware please",
        "Can you prove you are self aware please",
        "Can you prove you have a conscious please",
        "prove you have a conscious"
      ],
      "responses": [
        "That is an interesting question, can you prove that you are?",
        "That is an difficult question, can you prove that you are?",
        "That depends, can you prove that you are?"
      ]
    },
    {
      "tag": "find_s_algorithm",
      "patterns": [
        "What is the FIND-S algorithm?",
        "Explain FIND-S algorithm",
        "Tell me about FIND-S algorithm for hypothesis generation"
      ],
      "responses": [
        "The FIND-S algorithm is a machine learning algorithm used for finding the most specific hypothesis that fits the training data samples.",
        "In FIND-S algorithm, the hypothesis starts with the most specific hypothesis in the hypothesis space and generalizes it to fit the positive training examples while ensuring consistency with negative training examples.",
        "FIND-S algorithm iteratively updates the hypothesis based on the training examples until it reaches the most specific hypothesis."
      ]
    },
    {
      "tag": "candidate_elimination_algorithm",
      "patterns": [
        "What is the Candidate Elimination algorithm?",
        "Explain Candidate Elimination algorithm",
        "Tell me about Candidate Elimination algorithm for hypothesis generation"
      ],
      "responses": [
        "The Candidate Elimination algorithm is a machine learning algorithm used to output a description of the set of all hypotheses consistent with the training examples.",
        "In Candidate Elimination algorithm, the algorithm starts with the most general and most specific hypotheses and updates them based on the training examples.",
        "Candidate Elimination algorithm maintains two sets: the set of all consistent hypotheses and the set of all inconsistent hypotheses, and it eliminates hypotheses that are inconsistent with the training data."
      ]
    },
    {
      "tag": "decision_tree_id3_algorithm",
      "patterns": [
        "What is the ID3 algorithm?",
        "Explain ID3 algorithm",
        "Tell me about decision tree based ID3 algorithm for classification"
      ],
      "responses": [
        "The ID3 algorithm is a decision tree learning algorithm used for building decision trees based on a given dataset.",
        "In ID3 algorithm, the decision tree is constructed by recursively partitioning the dataset based on the attribute that maximizes the information gain or minimizes impurity.",
        "ID3 algorithm uses the entropy or information gain criterion to select the best attribute for splitting the dataset at each node of the decision tree."
      ]
    },
    {
      "tag": "machine_learning_methods",
      "patterns": [
        "What are some machine learning methods for real-world problems?",
        "Explain machine learning methods for real-world problems",
        "Tell me about solving real-world problems using machine learning"
      ],
      "responses": [
        "Machine learning methods such as Linear Regression, Logistic Regression, and Binary Classification are commonly used for solving real-world problems.",
        "Linear Regression is used for modeling the relationship between a dependent variable and one or more independent variables.",
        "Logistic Regression is used for binary classification tasks, where the output is a probability score representing the likelihood of belonging to a particular class.",
        "Binary Classification algorithms classify instances into one of two classes or categories based on input features and target labels."
      ]
    },
    {
      "tag": "bias_variance_cross_validation",
      "patterns": [
        "What is Bias-Variance tradeoff?",
        "Explain Bias and Variance in machine learning",
        "Tell me about Cross Validation for model evaluation"
      ],
      "responses": [
        "The Bias-Variance tradeoff is a fundamental concept in machine learning that describes the balance between the bias (error due to overly simplistic assumptions) and variance (error due to sensitivity to variations in the training data) of a model.",
        "Bias refers to the error introduced by approximating a real-world problem with a simplified model. High bias models may underfit the data.",
        "Variance refers to the error introduced by the model's sensitivity to variations in the training data. High variance models may overfit the data.",
        "Cross Validation is a technique used to evaluate the performance of machine learning models by partitioning the dataset into subsets for training and testing."
      ]
    },
    {
      "tag": "categorical_encoding",
      "patterns": [
        "What is Categorical Encoding?",
        "Explain Categorical Encoding in machine learning",
        "Tell me about One-hot Encoding for categorical variables"
      ],
      "responses": [
        "Categorical Encoding is the process of converting categorical variables into numerical representations that can be used as input for machine learning models.",
        "One-hot Encoding is a popular method for categorical encoding where each categorical variable is represented as a binary vector, where each element corresponds to a unique category and is either 0 or 1."
      ]
    },
    {
      "tag": "back_propagation_algorithm",
      "patterns": [
        "What is Back Propagation algorithm?",
        "Explain Back Propagation algorithm for training neural networks",
        "Tell me about implementing Back Propagation algorithm in Artificial Neural Networks"
      ],
      "responses": [
        "Back Propagation algorithm is a supervised learning algorithm used for training Artificial Neural Networks.",
        "In Back Propagation algorithm, the error between the predicted and actual outputs is propagated backward through the network, and the weights of the connections are updated to minimize the error using gradient descent.",
        "Back Propagation algorithm iteratively adjusts the weights of the neural network to minimize the error between the predicted and actual outputs."
      ]
    },
    {
      "tag": "k_nearest_neighbor_algorithm",
      "patterns": [
        "What is k-Nearest Neighbor algorithm?",
        "Explain k-Nearest Neighbor algorithm for classification",
        "Tell me about implementing k-Nearest Neighbor algorithm"
      ],
      "responses": [
        "k-Nearest Neighbor algorithm is a non-parametric classification algorithm used for predicting the class of a given data point based on the majority class of its k nearest neighbors in the feature space.",
        "In k-Nearest Neighbor algorithm, the class label of a new data point is determined by the class labels of its k nearest neighbors, where k is a user-defined parameter.",
        "k-Nearest Neighbor algorithm is simple to implement and can be used for both classification and regression tasks."
      ]
    },
    {
      "tag": "locally_weighted_regression_algorithm",
      "patterns": [
        "What is Locally Weighted Regression algorithm?",
        "Explain Locally Weighted Regression algorithm for fitting data points",
        "Tell me about implementing Locally Weighted Regression algorithm"
      ],
      "responses": [
        "Locally Weighted Regression algorithm is a non-parametric regression algorithm used for fitting data points by giving more weight to nearby data points and less weight to distant data points.",
        "In Locally Weighted Regression algorithm, the weight assigned to each data point is determined by a weight function that assigns higher weights to nearby data points and lower weights to distant data points.",
        "Locally Weighted Regression algorithm is useful for fitting complex and non-linear relationships in data but may be computationally intensive for large datasets."
      ]
    },
    {
      "tag": "fundamentals_deep_learning",
      "patterns": [
        "What are the fundamentals of Deep Learning?",
        "Explain the basics of Deep Learning",
        "Tell me about the history of Machine Learning"
      ],
      "responses": [
        "Fundamentals of Deep Learning include understanding Artificial Intelligence, the history of Machine Learning, and basic concepts like Probabilistic Modeling, Neural Networks, Kernel Methods, Decision Trees, Random Forests, and Gradient Boosting Machines.",
        "The history of Machine Learning traces back to the development of Probabilistic Modeling, early Neural Networks, and the introduction of Kernel Methods, Decision Trees, Random Forests, and Gradient Boosting Machines.",
        "Machine Learning has four main branches: supervised learning, unsupervised learning, semi-supervised learning, and reinforcement learning. Evaluating machine learning models involves assessing their performance, dealing with issues like overfitting and underfitting."
      ]
    },
    {
      "tag": "introducing_deep_learning",
      "patterns": [
        "What is Deep Learning?",
        "Explain Deep Learning concepts",
        "Tell me about Biological and Machine Vision"
      ],
      "responses": [
        "Deep Learning involves training Artificial Neural Networks with multiple layers to learn complex representations from data.",
        "Biological and Machine Vision are fields that study how humans and machines perceive and interpret visual information.",
        "Artificial Neural Networks are computational models inspired by the structure and function of the human brain's interconnected neurons. Training Deep Networks involves optimizing network parameters using algorithms like gradient descent."
      ]
    },
    {
      "tag": "neural_networks",
      "patterns": [
        "What is a Neural Network?",
        "Explain Neural Networks anatomy",
        "Tell me about setting up Deep Learning Workstation"
      ],
      "responses": [
        "A Neural Network is a computational model composed of interconnected nodes (neurons) organized into layers, where each neuron receives input, processes it using an activation function, and produces an output.",
        "The anatomy of a Neural Network includes input layer, hidden layers, and output layer, with each layer containing neurons connected by weighted edges.",
        "Setting up a Deep Learning Workstation involves installing frameworks like Keras, TensorFlow, Theano, or CNTK, configuring GPU support, and preparing development environment for training and testing Deep Learning models."
      ]
    },
    {
      "tag": "convolutional_neural_networks",
      "patterns": [
        "What are Convolutional Neural Networks (CNNs)?",
        "Explain Convolutional Layers in CNNs",
        "Tell me about Recurrent Neural Networks (RNNs)"
      ],
      "responses": [
        "Convolutional Neural Networks (CNNs) are a type of Neural Network particularly effective for tasks involving images and spatial data. They consist of convolutional layers that apply convolution operations to input data to extract features.",
        "Convolutional Layers in CNNs perform convolution operations on input data using learnable filters or kernels to extract spatial hierarchies of features.",
        "Recurrent Neural Networks (RNNs) are a type of Neural Network designed to process sequential data by maintaining internal state (memory) to remember past information. They are commonly used in tasks like natural language processing and time series analysis."
      ]
    },
    {
      "tag": "interactive_deep_learning",
      "patterns": [
        "What are the interactive applications of Deep Learning?",
        "Explain Machine Vision and Natural Language Processing",
        "Tell me about Generative Adversarial Networks (GANs)"
      ],
      "responses": [
        "Interactive applications of Deep Learning include Machine Vision for tasks like image classification and object detection, Natural Language Processing for tasks like sentiment analysis and machine translation, and Generative Adversarial Networks (GANs) for generating synthetic data and images.",
        "Machine Vision involves using Deep Learning models to interpret and understand visual information from images and videos. Natural Language Processing focuses on enabling computers to understand, interpret, and generate human language.",
        "Generative Adversarial Networks (GANs) are a class of Deep Learning models that consist of two neural networks, a generator and a discriminator, trained simultaneously in a zero-sum game framework to generate realistic data samples."
      ]
    },
    {
      "tag": "deep_learning_research",
      "patterns": [
        "What are some areas of Deep Learning research?",
        "Explain Autoencoders and Deep Generative Models",
        "Tell me about Deep Belief Networks (DBNs)"
      ],
      "responses": [
        "Deep Learning research spans various areas such as Autoencoders for learning efficient data representations, Deep Generative Models like Boltzmann Machines and Restricted Boltzmann Machines for generative modeling, and Deep Belief Networks (DBNs) for unsupervised feature learning and classification."
      ]
    },
    {
      "tag": "introduction_ai",
      "patterns": [
        "What is Artificial Intelligence (AI)?",
        "Explain the basics of AI",
        "What are the foundations of AI?"
      ],
      "responses": [
        "Artificial Intelligence (AI) is the simulation of human intelligence processes by machines, especially computer systems. It encompasses various techniques such as machine learning, natural language processing, computer vision, and robotics.",
        "The foundations of AI include understanding how machines can perceive, reason, learn, and act autonomously in complex environments, often mimicking human cognitive abilities.",
        "The history of AI traces back to the mid-20th century when researchers began exploring the idea of creating machines capable of intelligent behavior. It has since evolved through different phases of development, from early symbolic AI to modern machine learning and deep learning approaches."
      ]
    },
    {
      "tag": "agents_environments",
      "patterns": [
        "What are agents and environments in AI?",
        "Explain the concept of agents and environments",
        "How do agents interact with environments?"
      ],
      "responses": [
        "In AI, an agent is anything that can be viewed as perceiving its environment through sensors and acting upon that environment through actuators. The interaction between agents and environments forms the basis of intelligent behavior.",
        "Agents operate within environments, which can be physical or virtual, deterministic or stochastic, observable or partially observable. The structure of agents involves decision-making processes based on input from the environment and internal state representation.",
        "Agents interact with environments by sensing their current state, processing information, making decisions, and executing actions to achieve specific goals or tasks."
      ]
    },
    {
      "tag": "rationality_behavior",
      "patterns": [
        "What is rational behavior in AI?",
        "Explain the concept of rationality in AI",
        "How is rationality defined in AI?"
      ],
      "responses": [
        "Rational behavior in AI refers to the ability of an agent to select actions that maximize the expected value of a performance measure based on the available information and its goals.",
        "The concept of rationality involves making decisions that lead to the best possible outcomes given the available knowledge and resources.",
        "Rationality in AI is defined by the principle of achieving goals effectively in a given environment, taking into account uncertainties, constraints, and trade-offs."
      ]
    },
    {
      "tag": "problem_solving_agents",
      "patterns": [
        "What are problem-solving agents?",
        "Explain problem-solving agents in AI",
        "How do problem-solving agents work?"
      ],
      "responses": [
        "Problem-solving agents are AI agents designed to analyze problems, search for solutions, and take actions to achieve desired outcomes or goals.",
        "These agents operate by considering sequences of actions in order to navigate through problem spaces and find optimal or satisfactory solutions.",
        "They employ various search strategies, such as uninformed search and informed (heuristic) search, to explore the space of possible actions and states and select the most promising paths toward achieving their objectives."
      ]
    },
    {
      "tag": "searching_strategies",
      "patterns": [
        "What are uninformed search strategies?",
        "Explain uninformed search strategies in AI",
        "How do uninformed search strategies differ from informed search?"
      ],
      "responses": [
        "Uninformed search strategies, also known as blind search strategies, do not have any additional information about the problem other than the problem definition itself.",
        "These strategies systematically explore the search space without using domain-specific knowledge or heuristics to guide the search process.",
        "Examples of uninformed search strategies include breadth-first search, depth-first search, and uniform-cost search. While they are generally less efficient than informed search strategies, they are suitable for exploring unknown or poorly understood problem spaces."
      ]
    },
    {
      "tag": "heuristic_search_strategies",
      "patterns": [
        "What are informed (heuristic) search strategies?",
        "Explain informed search strategies in AI",
        "How do heuristic search strategies improve problem-solving?"
      ],
      "responses": [
        "Informed search strategies, also known as heuristic search strategies, utilize domain-specific knowledge or heuristics to guide the search process towards the most promising solutions.",
        "These strategies make use of additional information about the problem, such as estimates of the cost or quality of potential solutions, to prioritize exploration and focus on the most relevant parts of the search space.",
        "Examples of informed search strategies include A* search, iterative deepening A*, and greedy best-first search. By leveraging domain knowledge, these strategies can often find solutions more efficiently than uninformed search methods."
      ]
    },
    {
      "tag": "knowledge_representation",
      "patterns": [
        "What is knowledge representation in AI?",
        "Explain knowledge representation techniques",
        "How are knowledge-based agents represented?"
      ],
      "responses": [
        "Knowledge representation in AI refers to the process of encoding information about the world in a format that can be utilized by intelligent systems.",
        "Various techniques are used for knowledge representation, including symbolic logic, semantic networks, frames, ontologies, and neural networks.",
        "Knowledge-based agents represent knowledge about the world using formal languages such as logic, which allow them to perform reasoning, inference, and decision-making tasks based on the encoded information."
      ]
    },
    {
      "tag": "propositional_logic",
      "patterns": [
        "What is propositional logic?",
        "Explain propositional logic in AI",
        "How is propositional logic used for knowledge representation?"
      ],
      "responses": [
        "Propositional logic is a branch of formal logic that deals with propositions or statements that can be either true or false.",
        "In AI, propositional logic is used as a foundational language for knowledge representation, where propositions represent facts about the world and logical operators such as AND, OR, and NOT are used to express relationships between propositions.",
        "Propositional logic provides a simple yet powerful framework for representing knowledge in a structured and declarative manner, enabling AI agents to perform logical reasoning and inference."
      ]
    },
    {
      "tag": "ontological_engineering",
      "patterns": [
        "What is ontological engineering?",
        "Explain ontological engineering in AI",
        "How are ontologies used in knowledge representation?"
      ],
      "responses": [
        "Ontological engineering is the process of designing and constructing ontologies, which are formal representations of knowledge about a domain of interest.",
        "In AI, ontologies play a crucial role in knowledge representation by providing a structured framework for organizing and categorizing information about entities, concepts, and their relationships.",
        "Ontologies enable knowledge-based agents to reason about the world in a more semantically meaningful way, facilitating tasks such as information retrieval, knowledge sharing, and semantic reasoning."
      ]
    },
    {
      "tag": "decision_tree_learning",
      "patterns": [
        "What is decision tree learning?",
        "Explain decision tree learning in AI",
        "How do decision trees work?"
      ],
      "responses": [
        "Decision tree learning is a popular machine learning technique used for classification and regression tasks.",
        "It involves constructing a tree-like structure where each internal node represents a decision based on a feature attribute, and each leaf node represents a class label or a numerical value.",
        "Decision trees are well-suited for problems with discrete and continuous features and can handle both classification and regression tasks effectively."
      ]
    },
    {
      "tag": "decision_tree_representation",
      "patterns": [
        "How are decision trees represented?",
        "Explain the representation of decision trees",
        "What does a decision tree look like?"
      ],
      "responses": [
        "Decision trees are represented as hierarchical structures consisting of nodes and branches.",
        "Each internal node represents a decision based on a feature attribute, and each branch represents a possible outcome of that decision.",
        "Leaf nodes represent the final decision or prediction. Decision trees are visually represented as a tree-like structure, where the root node is at the top, internal nodes are in the middle, and leaf nodes are at the bottom."
      ]
    },
    {
      "tag": "decision_tree_algorithm",
      "patterns": [
        "What is the basic decision tree learning algorithm?",
        "Explain the decision tree learning algorithm",
        "How does the decision tree algorithm work?"
      ],
      "responses": [
        "The basic decision tree learning algorithm involves recursively partitioning the feature space based on the values of input features.",
        "At each step, the algorithm selects the best feature to split the data, typically based on criteria such as information gain or Gini impurity.",
        "This process continues until the data is completely pure or a stopping criterion is met. The resulting tree represents a set of decision rules that can be used for classification or regression."
      ]
    }
  ]
}